,load,type,compressor,iteration,avg_time,std_dev,min_time,max_time,q1,median_time,q3,iqr,lower_whisker,upper_whisker,num_outliers
0,IRIS-HABER,API,BZ2,1,0.321977138519287,0.0,0.321977138519287,0.321977138519287,0.321977138519287,0.321977138519287,0.321977138519287,0.0,0.321977138519287,0.321977138519287,0.0
1,IRIS-HABER,API,ENTROPY,1,0.303632736206054,0.0,0.303632736206054,0.303632736206054,0.303632736206054,0.303632736206054,0.303632736206054,0.0,0.303632736206054,0.303632736206054,0.0
2,IRIS-HABER,API,GZIP,6,1.829784393310546,0.0,1.829784393310546,1.829784393310546,1.829784393310546,1.829784393310546,1.829784393310546,0.0,1.829784393310546,1.829784393310546,0.0
3,IRIS-HABER,API,JP2,1,0.9363083839416501,0.0,0.9363083839416501,0.9363083839416501,0.9363083839416501,0.9363083839416501,0.9363083839416501,0.0,0.9363083839416501,0.9363083839416501,0.0
4,IRIS-HABER,API,PNG,4,1.404592037200927,0.0,1.404592037200927,1.404592037200927,1.404592037200927,1.404592037200927,1.404592037200927,0.0,1.404592037200927,1.404592037200927,0.0
5,IRIS-HABER,API,PPMD,1,0.35503745079040505,0.0,0.35503745079040505,0.35503745079040505,0.35503745079040505,0.35503745079040505,0.35503745079040505,0.0,0.35503745079040505,0.35503745079040505,0.0
6,IRIS-HABER,API,WEBP,9,5.399638891220093,0.0,5.399638891220093,5.399638891220093,5.399638891220093,5.399638891220093,5.399638891220093,0.0,5.399638891220093,5.399638891220093,0.0
7,IRIS-HABER,API,ZLIB,10,1.503642559051513,0.0,1.503642559051513,1.503642559051513,1.503642559051513,1.503642559051513,1.503642559051513,0.0,1.503642559051513,1.503642559051513,0.0
8,IRIS-HABER,LOGIC,BZ2,10,1.417729377746582,0.0,1.417729377746582,1.417729377746582,1.417729377746582,1.417729377746582,1.417729377746582,0.0,1.417729377746582,1.417729377746582,0.0
9,IRIS-HABER,LOGIC,ENTROPY,-1,4.658838510513306,0.0,4.658838510513306,4.658838510513306,4.658838510513306,4.658838510513306,4.658838510513306,0.0,4.658838510513306,4.658838510513306,0.0
10,IRIS-HABER,LOGIC,GZIP,1,0.489205837249755,0.0,0.489205837249755,0.489205837249755,0.489205837249755,0.489205837249755,0.489205837249755,0.0,0.489205837249755,0.489205837249755,0.0
11,IRIS-HABER,LOGIC,JP2,6,2.852033138275146,0.0,2.852033138275146,2.852033138275146,2.852033138275146,2.852033138275146,2.852033138275146,0.0,2.852033138275146,2.852033138275146,0.0
12,IRIS-HABER,LOGIC,PNG,13,4.356812953948975,0.0,4.356812953948975,4.356812953948975,4.356812953948975,4.356812953948975,4.356812953948975,0.0,4.356812953948975,4.356812953948975,0.0
13,IRIS-HABER,LOGIC,PPMD,5,0.852801322937011,0.0,0.852801322937011,0.852801322937011,0.852801322937011,0.852801322937011,0.852801322937011,0.0,0.852801322937011,0.852801322937011,0.0
14,IRIS-HABER,LOGIC,WEBP,11,5.499980211257935,0.0,5.499980211257935,5.499980211257935,5.499980211257935,5.499980211257935,5.499980211257935,0.0,5.499980211257935,5.499980211257935,0.0
15,IRIS-HABER,LOGIC,ZLIB,1,0.30735158920288,0.0,0.30735158920288,0.30735158920288,0.30735158920288,0.30735158920288,0.30735158920288,0.0,0.30735158920288,0.30735158920288,0.0
16,IRIS-HABER,MEMORY,BZ2,13,1.914084911346435,0.0,1.914084911346435,1.914084911346435,1.914084911346435,1.914084911346435,1.914084911346435,0.0,1.914084911346435,1.914084911346435,0.0
17,IRIS-HABER,MEMORY,ENTROPY,8,1.094268083572387,0.0,1.094268083572387,1.094268083572387,1.094268083572387,1.094268083572387,1.094268083572387,0.0,1.094268083572387,1.094268083572387,0.0
18,IRIS-HABER,MEMORY,GZIP,16,5.120441675186157,0.0,5.120441675186157,5.120441675186157,5.120441675186157,5.120441675186157,5.120441675186157,0.0,5.120441675186157,5.120441675186157,0.0
19,IRIS-HABER,MEMORY,JP2,15,6.789283037185669,0.0,6.789283037185669,6.789283037185669,6.789283037185669,6.789283037185669,6.789283037185669,0.0,6.789283037185669,6.789283037185669,0.0
20,IRIS-HABER,MEMORY,PNG,13,4.18329930305481,0.0,4.18329930305481,4.18329930305481,4.18329930305481,4.18329930305481,4.18329930305481,0.0,4.18329930305481,4.18329930305481,0.0
21,IRIS-HABER,MEMORY,PPMD,13,1.802662372589111,0.0,1.802662372589111,1.802662372589111,1.802662372589111,1.802662372589111,1.802662372589111,0.0,1.802662372589111,1.802662372589111,0.0
22,IRIS-HABER,MEMORY,WEBP,-1,17.270176649093628,0.0,17.270176649093628,17.270176649093628,17.270176649093628,17.270176649093628,17.270176649093628,0.0,17.270176649093628,17.270176649093628,0.0
23,IRIS-HABER,MEMORY,ZLIB,18,2.874231100082397,0.0,2.874231100082397,2.874231100082397,2.874231100082397,2.874231100082397,2.874231100082397,0.0,2.874231100082397,2.874231100082397,0.0
24,IRIS-HABER,ANOTHER-CONTROL,BZ2,-1,5.211745977401733,0.0,5.211745977401733,5.211745977401733,5.211745977401733,5.211745977401733,5.211745977401733,0.0,5.211745977401733,5.211745977401733,0.0
25,IRIS-HABER,ANOTHER-CONTROL,ENTROPY,-1,4.639150142669678,0.0,4.639150142669678,4.639150142669678,4.639150142669678,4.639150142669678,4.639150142669678,0.0,4.639150142669678,4.639150142669678,0.0
26,IRIS-HABER,ANOTHER-CONTROL,GZIP,-1,9.060847997665405,0.0,9.060847997665405,9.060847997665405,9.060847997665405,9.060847997665405,9.060847997665405,0.0,9.060847997665405,9.060847997665405,0.0
27,IRIS-HABER,ANOTHER-CONTROL,JP2,11,7.871674299240112,0.0,7.871674299240112,7.871674299240112,7.871674299240112,7.871674299240112,7.871674299240112,0.0,7.871674299240112,7.871674299240112,0.0
28,IRIS-HABER,ANOTHER-CONTROL,PNG,-1,13.48963189125061,0.0,13.48963189125061,13.48963189125061,13.48963189125061,13.48963189125061,13.48963189125061,0.0,13.48963189125061,13.48963189125061,0.0
29,IRIS-HABER,ANOTHER-CONTROL,PPMD,-1,5.569953680038452,0.0,5.569953680038452,5.569953680038452,5.569953680038452,5.569953680038452,5.569953680038452,0.0,5.569953680038452,5.569953680038452,0.0
30,IRIS-HABER,ANOTHER-CONTROL,WEBP,12,6.805943489074707,0.0,6.805943489074707,6.805943489074707,6.805943489074707,6.805943489074707,6.805943489074707,0.0,6.805943489074707,6.805943489074707,0.0
31,IRIS-HABER,ANOTHER-CONTROL,ZLIB,-1,4.945632219314575,0.0,4.945632219314575,4.945632219314575,4.945632219314575,4.945632219314575,4.945632219314575,0.0,4.945632219314575,4.945632219314575,0.0
32,IRIS-HABER,CONC,BZ2,6,0.9290409088134761,0.0,0.9290409088134761,0.9290409088134761,0.9290409088134761,0.9290409088134761,0.9290409088134761,0.0,0.9290409088134761,0.9290409088134761,0.0
33,IRIS-HABER,CONC,ENTROPY,3,0.5387997627258301,0.0,0.5387997627258301,0.5387997627258301,0.5387997627258301,0.5387997627258301,0.5387997627258301,0.0,0.5387997627258301,0.5387997627258301,0.0
34,IRIS-HABER,CONC,GZIP,2,0.8545291423797601,0.0,0.8545291423797601,0.8545291423797601,0.8545291423797601,0.8545291423797601,0.8545291423797601,0.0,0.8545291423797601,0.8545291423797601,0.0
35,IRIS-HABER,CONC,JP2,7,5.374444961547852,0.0,5.374444961547852,5.374444961547852,5.374444961547852,5.374444961547852,5.374444961547852,0.0,5.374444961547852,5.374444961547852,0.0
36,IRIS-HABER,CONC,PNG,20,9.833919525146484,0.0,9.833919525146484,9.833919525146484,9.833919525146484,9.833919525146484,9.833919525146484,0.0,9.833919525146484,9.833919525146484,0.0
37,IRIS-HABER,CONC,PPMD,7,1.101316928863525,0.0,1.101316928863525,1.101316928863525,1.101316928863525,1.101316928863525,1.101316928863525,0.0,1.101316928863525,1.101316928863525,0.0
38,IRIS-HABER,CONC,WEBP,9,4.560294151306152,0.0,4.560294151306152,4.560294151306152,4.560294151306152,4.560294151306152,4.560294151306152,0.0,4.560294151306152,4.560294151306152,0.0
39,IRIS-HABER,CONC,ZLIB,2,0.40887784957885703,0.0,0.40887784957885703,0.40887784957885703,0.40887784957885703,0.40887784957885703,0.40887784957885703,0.0,0.40887784957885703,0.40887784957885703,0.0
40,IRIS-HABER,PROCESS,BZ2,4,0.6725580692291261,0.0,0.6725580692291261,0.6725580692291261,0.6725580692291261,0.6725580692291261,0.6725580692291261,0.0,0.6725580692291261,0.6725580692291261,0.0
41,IRIS-HABER,PROCESS,ENTROPY,5,0.7574889659881591,0.0,0.7574889659881591,0.7574889659881591,0.7574889659881591,0.7574889659881591,0.7574889659881591,0.0,0.7574889659881591,0.7574889659881591,0.0
42,IRIS-HABER,PROCESS,GZIP,0,0.33789587020874,0.0,0.33789587020874,0.33789587020874,0.33789587020874,0.33789587020874,0.33789587020874,0.0,0.33789587020874,0.33789587020874,0.0
43,IRIS-HABER,PROCESS,JP2,14,7.818209648132324,0.0,7.818209648132324,7.818209648132324,7.818209648132324,7.818209648132324,7.818209648132324,0.0,7.818209648132324,7.818209648132324,0.0
44,IRIS-HABER,PROCESS,PNG,3,1.336143732070922,0.0,1.336143732070922,1.336143732070922,1.336143732070922,1.336143732070922,1.336143732070922,0.0,1.336143732070922,1.336143732070922,0.0
45,IRIS-HABER,PROCESS,PPMD,2,1.5683326721191402,0.0,1.5683326721191402,1.5683326721191402,1.5683326721191402,1.5683326721191402,1.5683326721191402,0.0,1.5683326721191402,1.5683326721191402,0.0
46,IRIS-HABER,PROCESS,WEBP,2,1.395656585693359,0.0,1.395656585693359,1.395656585693359,1.395656585693359,1.395656585693359,1.395656585693359,0.0,1.395656585693359,1.395656585693359,0.0
47,IRIS-HABER,PROCESS,ZLIB,2,0.38154530525207503,0.0,0.38154530525207503,0.38154530525207503,0.38154530525207503,0.38154530525207503,0.38154530525207503,0.0,0.38154530525207503,0.38154530525207503,0.0
48,IRIS-HABER,TRAIN,BZ2,9,1.345715284347534,0.0,1.345715284347534,1.345715284347534,1.345715284347534,1.345715284347534,1.345715284347534,0.0,1.345715284347534,1.345715284347534,0.0
49,IRIS-HABER,TRAIN,ENTROPY,11,1.370126247406005,0.0,1.370126247406005,1.370126247406005,1.370126247406005,1.370126247406005,1.370126247406005,0.0,1.370126247406005,1.370126247406005,0.0
50,IRIS-HABER,TRAIN,GZIP,2,0.6689903736114501,0.0,0.6689903736114501,0.6689903736114501,0.6689903736114501,0.6689903736114501,0.6689903736114501,0.0,0.6689903736114501,0.6689903736114501,0.0
51,IRIS-HABER,TRAIN,JP2,-1,18.60996699333191,0.0,18.60996699333191,18.60996699333191,18.60996699333191,18.60996699333191,18.60996699333191,0.0,18.60996699333191,18.60996699333191,0.0
52,IRIS-HABER,TRAIN,PNG,18,8.057211637496948,0.0,8.057211637496948,8.057211637496948,8.057211637496948,8.057211637496948,8.057211637496948,0.0,8.057211637496948,8.057211637496948,0.0
53,IRIS-HABER,TRAIN,PPMD,2,0.48542094230651806,0.0,0.48542094230651806,0.48542094230651806,0.48542094230651806,0.48542094230651806,0.48542094230651806,0.0,0.48542094230651806,0.48542094230651806,0.0
54,IRIS-HABER,TRAIN,WEBP,8,3.911346912384033,0.0,3.911346912384033,3.911346912384033,3.911346912384033,3.911346912384033,3.911346912384033,0.0,3.911346912384033,3.911346912384033,0.0
55,IRIS-HABER,TRAIN,ZLIB,2,0.368547916412353,0.0,0.368547916412353,0.368547916412353,0.368547916412353,0.368547916412353,0.368547916412353,0.0,0.368547916412353,0.368547916412353,0.0
56,IRIS-HABER,MODEL,BZ2,15,2.171052455902099,0.0,2.171052455902099,2.171052455902099,2.171052455902099,2.171052455902099,2.171052455902099,0.0,2.171052455902099,2.171052455902099,0.0
57,IRIS-HABER,MODEL,ENTROPY,23,4.230560064315796,0.0,4.230560064315796,4.230560064315796,4.230560064315796,4.230560064315796,4.230560064315796,0.0,4.230560064315796,4.230560064315796,0.0
58,IRIS-HABER,MODEL,GZIP,3,0.8621718883514401,0.0,0.8621718883514401,0.8621718883514401,0.8621718883514401,0.8621718883514401,0.8621718883514401,0.0,0.8621718883514401,0.8621718883514401,0.0
59,IRIS-HABER,MODEL,JP2,14,7.460371494293213,0.0,7.460371494293213,7.460371494293213,7.460371494293213,7.460371494293213,7.460371494293213,0.0,7.460371494293213,7.460371494293213,0.0
60,IRIS-HABER,MODEL,PNG,9,3.006281614303589,0.0,3.006281614303589,3.006281614303589,3.006281614303589,3.006281614303589,3.006281614303589,0.0,3.006281614303589,3.006281614303589,0.0
61,IRIS-HABER,MODEL,PPMD,1,0.374718189239501,0.0,0.374718189239501,0.374718189239501,0.374718189239501,0.374718189239501,0.374718189239501,0.0,0.374718189239501,0.374718189239501,0.0
62,IRIS-HABER,MODEL,WEBP,23,10.788683652877808,0.0,10.788683652877808,10.788683652877808,10.788683652877808,10.788683652877808,10.788683652877808,0.0,10.788683652877808,10.788683652877808,0.0
63,IRIS-HABER,MODEL,ZLIB,7,0.8902866840362541,0.0,0.8902866840362541,0.8902866840362541,0.8902866840362541,0.8902866840362541,0.8902866840362541,0.0,0.8902866840362541,0.8902866840362541,0.0
64,CANCER-PHON,API,BZ2,18,3.974881649017334,0.0,3.974881649017334,3.974881649017334,3.974881649017334,3.974881649017334,3.974881649017334,0.0,3.974881649017334,3.974881649017334,0.0
65,CANCER-PHON,API,ENTROPY,6,0.86407995223999,0.0,0.86407995223999,0.86407995223999,0.86407995223999,0.86407995223999,0.86407995223999,0.0,0.86407995223999,0.86407995223999,0.0
66,CANCER-PHON,API,GZIP,27,7.273608446121216,0.0,7.273608446121216,7.273608446121216,7.273608446121216,7.273608446121216,7.273608446121216,0.0,7.273608446121216,7.273608446121216,0.0
67,CANCER-PHON,API,JP2,15,11.573391437530518,0.0,11.573391437530518,11.573391437530518,11.573391437530518,11.573391437530518,11.573391437530518,0.0,11.573391437530518,11.573391437530518,0.0
68,CANCER-PHON,API,PNG,10,4.255919933319092,0.0,4.255919933319092,4.255919933319092,4.255919933319092,4.255919933319092,4.255919933319092,0.0,4.255919933319092,4.255919933319092,0.0
69,CANCER-PHON,API,PPMD,13,2.405413627624511,0.0,2.405413627624511,2.405413627624511,2.405413627624511,2.405413627624511,2.405413627624511,0.0,2.405413627624511,2.405413627624511,0.0
70,CANCER-PHON,API,WEBP,25,17.491137266159058,0.0,17.491137266159058,17.491137266159058,17.491137266159058,17.491137266159058,17.491137266159058,0.0,17.491137266159058,17.491137266159058,0.0
71,CANCER-PHON,API,ZLIB,16,2.164501667022705,0.0,2.164501667022705,2.164501667022705,2.164501667022705,2.164501667022705,2.164501667022705,0.0,2.164501667022705,2.164501667022705,0.0
72,CANCER-PHON,LOGIC,BZ2,8,1.17610478401184,0.0,1.17610478401184,1.17610478401184,1.17610478401184,1.17610478401184,1.17610478401184,0.0,1.17610478401184,1.17610478401184,0.0
73,CANCER-PHON,LOGIC,ENTROPY,6,0.8830981254577631,0.0,0.8830981254577631,0.8830981254577631,0.8830981254577631,0.8830981254577631,0.8830981254577631,0.0,0.8830981254577631,0.8830981254577631,0.0
74,CANCER-PHON,LOGIC,GZIP,13,4.07992959022522,0.0,4.07992959022522,4.07992959022522,4.07992959022522,4.07992959022522,4.07992959022522,0.0,4.07992959022522,4.07992959022522,0.0
75,CANCER-PHON,LOGIC,JP2,15,10.649247169494629,0.0,10.649247169494629,10.649247169494629,10.649247169494629,10.649247169494629,10.649247169494629,0.0,10.649247169494629,10.649247169494629,0.0
76,CANCER-PHON,LOGIC,PNG,7,3.191708326339721,0.0,3.191708326339721,3.191708326339721,3.191708326339721,3.191708326339721,3.191708326339721,0.0,3.191708326339721,3.191708326339721,0.0
77,CANCER-PHON,LOGIC,PPMD,11,2.2607498168945312,0.0,2.2607498168945312,2.2607498168945312,2.2607498168945312,2.2607498168945312,2.2607498168945312,0.0,2.2607498168945312,2.2607498168945312,0.0
78,CANCER-PHON,LOGIC,WEBP,7,3.879791736602783,0.0,3.879791736602783,3.879791736602783,3.879791736602783,3.879791736602783,3.879791736602783,0.0,3.879791736602783,3.879791736602783,0.0
79,CANCER-PHON,LOGIC,ZLIB,13,1.7922556400299072,0.0,1.7922556400299072,1.7922556400299072,1.7922556400299072,1.7922556400299072,1.7922556400299072,0.0,1.7922556400299072,1.7922556400299072,0.0
80,CANCER-PHON,MEMORY,BZ2,23,3.765214443206787,0.0,3.765214443206787,3.765214443206787,3.765214443206787,3.765214443206787,3.765214443206787,0.0,3.765214443206787,3.765214443206787,0.0
81,CANCER-PHON,MEMORY,ENTROPY,-1,4.744271755218506,0.0,4.744271755218506,4.744271755218506,4.744271755218506,4.744271755218506,4.744271755218506,0.0,4.744271755218506,4.744271755218506,0.0
82,CANCER-PHON,MEMORY,GZIP,-1,8.023993253707886,0.0,8.023993253707886,8.023993253707886,8.023993253707886,8.023993253707886,8.023993253707886,0.0,8.023993253707886,8.023993253707886,0.0
83,CANCER-PHON,MEMORY,JP2,7,4.777362108230591,0.0,4.777362108230591,4.777362108230591,4.777362108230591,4.777362108230591,4.777362108230591,0.0,4.777362108230591,4.777362108230591,0.0
84,CANCER-PHON,MEMORY,PNG,25,14.403963088989258,0.0,14.403963088989258,14.403963088989258,14.403963088989258,14.403963088989258,14.403963088989258,0.0,14.403963088989258,14.403963088989258,0.0
85,CANCER-PHON,MEMORY,PPMD,22,6.217291355133057,0.0,6.217291355133057,6.217291355133057,6.217291355133057,6.217291355133057,6.217291355133057,0.0,6.217291355133057,6.217291355133057,0.0
86,CANCER-PHON,MEMORY,WEBP,-1,23.790438175201416,0.0,23.790438175201416,23.790438175201416,23.790438175201416,23.790438175201416,23.790438175201416,0.0,23.790438175201416,23.790438175201416,0.0
87,CANCER-PHON,MEMORY,ZLIB,-1,4.221609830856323,0.0,4.221609830856323,4.221609830856323,4.221609830856323,4.221609830856323,4.221609830856323,0.0,4.221609830856323,4.221609830856323,0.0
88,CANCER-PHON,ANOTHER-CONTROL,BZ2,-1,5.73344612121582,0.0,5.73344612121582,5.73344612121582,5.73344612121582,5.73344612121582,5.73344612121582,0.0,5.73344612121582,5.73344612121582,0.0
89,CANCER-PHON,ANOTHER-CONTROL,ENTROPY,-1,4.798814535140991,0.0,4.798814535140991,4.798814535140991,4.798814535140991,4.798814535140991,4.798814535140991,0.0,4.798814535140991,4.798814535140991,0.0
90,CANCER-PHON,ANOTHER-CONTROL,GZIP,-1,7.809482574462891,0.0,7.809482574462891,7.809482574462891,7.809482574462891,7.809482574462891,7.809482574462891,0.0,7.809482574462891,7.809482574462891,0.0
91,CANCER-PHON,ANOTHER-CONTROL,JP2,7,5.020073413848877,0.0,5.020073413848877,5.020073413848877,5.020073413848877,5.020073413848877,5.020073413848877,0.0,5.020073413848877,5.020073413848877,0.0
92,CANCER-PHON,ANOTHER-CONTROL,PNG,-1,17.751200914382935,0.0,17.751200914382935,17.751200914382935,17.751200914382935,17.751200914382935,17.751200914382935,0.0,17.751200914382935,17.751200914382935,0.0
93,CANCER-PHON,ANOTHER-CONTROL,PPMD,-1,8.051403045654297,0.0,8.051403045654297,8.051403045654297,8.051403045654297,8.051403045654297,8.051403045654297,0.0,8.051403045654297,8.051403045654297,0.0
94,CANCER-PHON,ANOTHER-CONTROL,WEBP,-1,23.578831672668457,0.0,23.578831672668457,23.578831672668457,23.578831672668457,23.578831672668457,23.578831672668457,0.0,23.578831672668457,23.578831672668457,0.0
95,CANCER-PHON,ANOTHER-CONTROL,ZLIB,-1,5.580464124679565,0.0,5.580464124679565,5.580464124679565,5.580464124679565,5.580464124679565,5.580464124679565,0.0,5.580464124679565,5.580464124679565,0.0
96,CANCER-PHON,CONC,BZ2,13,2.250182867050171,0.0,2.250182867050171,2.250182867050171,2.250182867050171,2.250182867050171,2.250182867050171,0.0,2.250182867050171,2.250182867050171,0.0
97,CANCER-PHON,CONC,ENTROPY,17,2.53272271156311,0.0,2.53272271156311,2.53272271156311,2.53272271156311,2.53272271156311,2.53272271156311,0.0,2.53272271156311,2.53272271156311,0.0
98,CANCER-PHON,CONC,GZIP,10,3.321519613265991,0.0,3.321519613265991,3.321519613265991,3.321519613265991,3.321519613265991,3.321519613265991,0.0,3.321519613265991,3.321519613265991,0.0
99,CANCER-PHON,CONC,JP2,11,9.403262853622437,0.0,9.403262853622437,9.403262853622437,9.403262853622437,9.403262853622437,9.403262853622437,0.0,9.403262853622437,9.403262853622437,0.0
100,CANCER-PHON,CONC,PNG,8,4.66850471496582,0.0,4.66850471496582,4.66850471496582,4.66850471496582,4.66850471496582,4.66850471496582,0.0,4.66850471496582,4.66850471496582,0.0
101,CANCER-PHON,CONC,PPMD,9,1.759916067123413,0.0,1.759916067123413,1.759916067123413,1.759916067123413,1.759916067123413,1.759916067123413,0.0,1.759916067123413,1.759916067123413,0.0
102,CANCER-PHON,CONC,WEBP,11,7.904905080795288,0.0,7.904905080795288,7.904905080795288,7.904905080795288,7.904905080795288,7.904905080795288,0.0,7.904905080795288,7.904905080795288,0.0
103,CANCER-PHON,CONC,ZLIB,9,1.120989561080932,0.0,1.120989561080932,1.120989561080932,1.120989561080932,1.120989561080932,1.120989561080932,0.0,1.120989561080932,1.120989561080932,0.0
104,CANCER-PHON,PROCESS,BZ2,2,0.44902467727661105,0.0,0.44902467727661105,0.44902467727661105,0.44902467727661105,0.44902467727661105,0.44902467727661105,0.0,0.44902467727661105,0.44902467727661105,0.0
105,CANCER-PHON,PROCESS,ENTROPY,6,0.8660783767700191,0.0,0.8660783767700191,0.8660783767700191,0.8660783767700191,0.8660783767700191,0.8660783767700191,0.0,0.8660783767700191,0.8660783767700191,0.0
106,CANCER-PHON,PROCESS,GZIP,2,0.6715395450592041,0.0,0.6715395450592041,0.6715395450592041,0.6715395450592041,0.6715395450592041,0.6715395450592041,0.0,0.6715395450592041,0.6715395450592041,0.0
107,CANCER-PHON,PROCESS,JP2,24,17.999814748764038,0.0,17.999814748764038,17.999814748764038,17.999814748764038,17.999814748764038,17.999814748764038,0.0,17.999814748764038,17.999814748764038,0.0
108,CANCER-PHON,PROCESS,PNG,2,2.739041090011596,0.0,2.739041090011596,2.739041090011596,2.739041090011596,2.739041090011596,2.739041090011596,0.0,2.739041090011596,2.739041090011596,0.0
109,CANCER-PHON,PROCESS,PPMD,2,0.621462821960449,0.0,0.621462821960449,0.621462821960449,0.621462821960449,0.621462821960449,0.621462821960449,0.0,0.621462821960449,0.621462821960449,0.0
110,CANCER-PHON,PROCESS,WEBP,5,3.915919065475464,0.0,3.915919065475464,3.915919065475464,3.915919065475464,3.915919065475464,3.915919065475464,0.0,3.915919065475464,3.915919065475464,0.0
111,CANCER-PHON,PROCESS,ZLIB,2,0.383569240570068,0.0,0.383569240570068,0.383569240570068,0.383569240570068,0.383569240570068,0.383569240570068,0.0,0.383569240570068,0.383569240570068,0.0
112,CANCER-PHON,TRAIN,BZ2,7,1.117454290390014,0.0,1.117454290390014,1.117454290390014,1.117454290390014,1.117454290390014,1.117454290390014,0.0,1.117454290390014,1.117454290390014,0.0
113,CANCER-PHON,TRAIN,ENTROPY,5,0.755428314208984,0.0,0.755428314208984,0.755428314208984,0.755428314208984,0.755428314208984,0.755428314208984,0.0,0.755428314208984,0.755428314208984,0.0
114,CANCER-PHON,TRAIN,GZIP,12,2.712365865707397,0.0,2.712365865707397,2.712365865707397,2.712365865707397,2.712365865707397,2.712365865707397,0.0,2.712365865707397,2.712365865707397,0.0
115,CANCER-PHON,TRAIN,JP2,17,14.5076162815094,0.0,14.5076162815094,14.5076162815094,14.5076162815094,14.5076162815094,14.5076162815094,0.0,14.5076162815094,14.5076162815094,0.0
116,CANCER-PHON,TRAIN,PNG,12,6.104011535644531,0.0,6.104011535644531,6.104011535644531,6.104011535644531,6.104011535644531,6.104011535644531,0.0,6.104011535644531,6.104011535644531,0.0
117,CANCER-PHON,TRAIN,PPMD,4,0.990469217300415,0.0,0.990469217300415,0.990469217300415,0.990469217300415,0.990469217300415,0.990469217300415,0.0,0.990469217300415,0.990469217300415,0.0
118,CANCER-PHON,TRAIN,WEBP,5,3.872280120849609,0.0,3.872280120849609,3.872280120849609,3.872280120849609,3.872280120849609,3.872280120849609,0.0,3.872280120849609,3.872280120849609,0.0
119,CANCER-PHON,TRAIN,ZLIB,11,1.383583784103393,0.0,1.383583784103393,1.383583784103393,1.383583784103393,1.383583784103393,1.383583784103393,0.0,1.383583784103393,1.383583784103393,0.0
120,CANCER-PHON,MODEL,BZ2,16,2.469982385635376,0.0,2.469982385635376,2.469982385635376,2.469982385635376,2.469982385635376,2.469982385635376,0.0,2.469982385635376,2.469982385635376,0.0
121,CANCER-PHON,MODEL,ENTROPY,7,1.120966911315918,0.0,1.120966911315918,1.120966911315918,1.120966911315918,1.120966911315918,1.120966911315918,0.0,1.120966911315918,1.120966911315918,0.0
122,CANCER-PHON,MODEL,GZIP,22,5.344463348388672,0.0,5.344463348388672,5.344463348388672,5.344463348388672,5.344463348388672,5.344463348388672,0.0,5.344463348388672,5.344463348388672,0.0
123,CANCER-PHON,MODEL,JP2,8,6.665830373764038,0.0,6.665830373764038,6.665830373764038,6.665830373764038,6.665830373764038,6.665830373764038,0.0,6.665830373764038,6.665830373764038,0.0
124,CANCER-PHON,MODEL,PNG,6,3.003434181213379,0.0,3.003434181213379,3.003434181213379,3.003434181213379,3.003434181213379,3.003434181213379,0.0,3.003434181213379,3.003434181213379,0.0
125,CANCER-PHON,MODEL,PPMD,18,3.923768997192383,0.0,3.923768997192383,3.923768997192383,3.923768997192383,3.923768997192383,3.923768997192383,0.0,3.923768997192383,3.923768997192383,0.0
126,CANCER-PHON,MODEL,WEBP,-1,21.18387460708618,0.0,21.18387460708618,21.18387460708618,21.18387460708618,21.18387460708618,21.18387460708618,0.0,21.18387460708618,21.18387460708618,0.0
127,CANCER-PHON,MODEL,ZLIB,15,1.882583141326904,0.0,1.882583141326904,1.882583141326904,1.882583141326904,1.882583141326904,1.882583141326904,0.0,1.882583141326904,1.882583141326904,0.0
128,WINE-HEART,API,BZ2,15,2.103256702423095,0.0,2.103256702423095,2.103256702423095,2.103256702423095,2.103256702423095,2.103256702423095,0.0,2.103256702423095,2.103256702423095,0.0
129,WINE-HEART,API,ENTROPY,25,3.517523765563965,0.0,3.517523765563965,3.517523765563965,3.517523765563965,3.517523765563965,3.517523765563965,0.0,3.517523765563965,3.517523765563965,0.0
130,WINE-HEART,API,GZIP,10,2.2126376628875732,0.0,2.2126376628875732,2.2126376628875732,2.2126376628875732,2.2126376628875732,2.2126376628875732,0.0,2.2126376628875732,2.2126376628875732,0.0
131,WINE-HEART,API,JP2,9,6.716759443283081,0.0,6.716759443283081,6.716759443283081,6.716759443283081,6.716759443283081,6.716759443283081,0.0,6.716759443283081,6.716759443283081,0.0
132,WINE-HEART,API,PNG,12,3.902270078659057,0.0,3.902270078659057,3.902270078659057,3.902270078659057,3.902270078659057,3.902270078659057,0.0,3.902270078659057,3.902270078659057,0.0
133,WINE-HEART,API,PPMD,17,3.061523199081421,0.0,3.061523199081421,3.061523199081421,3.061523199081421,3.061523199081421,3.061523199081421,0.0,3.061523199081421,3.061523199081421,0.0
134,WINE-HEART,API,WEBP,14,7.042214393615723,0.0,7.042214393615723,7.042214393615723,7.042214393615723,7.042214393615723,7.042214393615723,0.0,7.042214393615723,7.042214393615723,0.0
135,WINE-HEART,API,ZLIB,12,1.493937253952026,0.0,1.493937253952026,1.493937253952026,1.493937253952026,1.493937253952026,1.493937253952026,0.0,1.493937253952026,1.493937253952026,0.0
136,WINE-HEART,LOGIC,BZ2,5,0.7487776279449461,0.0,0.7487776279449461,0.7487776279449461,0.7487776279449461,0.7487776279449461,0.7487776279449461,0.0,0.7487776279449461,0.7487776279449461,0.0
137,WINE-HEART,LOGIC,ENTROPY,25,3.50075101852417,0.0,3.50075101852417,3.50075101852417,3.50075101852417,3.50075101852417,3.50075101852417,0.0,3.50075101852417,3.50075101852417,0.0
138,WINE-HEART,LOGIC,GZIP,29,7.738195419311523,0.0,7.738195419311523,7.738195419311523,7.738195419311523,7.738195419311523,7.738195419311523,0.0,7.738195419311523,7.738195419311523,0.0
139,WINE-HEART,LOGIC,JP2,8,3.761225223541259,0.0,3.761225223541259,3.761225223541259,3.761225223541259,3.761225223541259,3.761225223541259,0.0,3.761225223541259,3.761225223541259,0.0
140,WINE-HEART,LOGIC,PNG,19,7.0359947681427,0.0,7.0359947681427,7.0359947681427,7.0359947681427,7.0359947681427,7.0359947681427,0.0,7.0359947681427,7.0359947681427,0.0
141,WINE-HEART,LOGIC,PPMD,26,7.725569248199463,0.0,7.725569248199463,7.725569248199463,7.725569248199463,7.725569248199463,7.725569248199463,0.0,7.725569248199463,7.725569248199463,0.0
142,WINE-HEART,LOGIC,WEBP,4,1.9649555683135982,0.0,1.9649555683135982,1.9649555683135982,1.9649555683135982,1.9649555683135982,1.9649555683135982,0.0,1.9649555683135982,1.9649555683135982,0.0
143,WINE-HEART,LOGIC,ZLIB,28,4.046726226806641,0.0,4.046726226806641,4.046726226806641,4.046726226806641,4.046726226806641,4.046726226806641,0.0,4.046726226806641,4.046726226806641,0.0
144,WINE-HEART,MEMORY,BZ2,7,0.9766621589660641,0.0,0.9766621589660641,0.9766621589660641,0.9766621589660641,0.9766621589660641,0.9766621589660641,0.0,0.9766621589660641,0.9766621589660641,0.0
145,WINE-HEART,MEMORY,ENTROPY,14,1.815646886825561,0.0,1.815646886825561,1.815646886825561,1.815646886825561,1.815646886825561,1.815646886825561,0.0,1.815646886825561,1.815646886825561,0.0
146,WINE-HEART,MEMORY,GZIP,7,2.739275217056274,0.0,2.739275217056274,2.739275217056274,2.739275217056274,2.739275217056274,2.739275217056274,0.0,2.739275217056274,2.739275217056274,0.0
147,WINE-HEART,MEMORY,JP2,7,4.349385261535644,0.0,4.349385261535644,4.349385261535644,4.349385261535644,4.349385261535644,4.349385261535644,0.0,4.349385261535644,4.349385261535644,0.0
148,WINE-HEART,MEMORY,PNG,-1,17.576639413833618,0.0,17.576639413833618,17.576639413833618,17.576639413833618,17.576639413833618,17.576639413833618,0.0,17.576639413833618,17.576639413833618,0.0
149,WINE-HEART,MEMORY,PPMD,9,1.696560621261596,0.0,1.696560621261596,1.696560621261596,1.696560621261596,1.696560621261596,1.696560621261596,0.0,1.696560621261596,1.696560621261596,0.0
150,WINE-HEART,MEMORY,WEBP,23,11.935535192489624,0.0,11.935535192489624,11.935535192489624,11.935535192489624,11.935535192489624,11.935535192489624,0.0,11.935535192489624,11.935535192489624,0.0
151,WINE-HEART,MEMORY,ZLIB,9,1.1133308410644531,0.0,1.1133308410644531,1.1133308410644531,1.1133308410644531,1.1133308410644531,1.1133308410644531,0.0,1.1133308410644531,1.1133308410644531,0.0
152,WINE-HEART,ANOTHER-CONTROL,BZ2,-1,4.639318466186523,0.0,4.639318466186523,4.639318466186523,4.639318466186523,4.639318466186523,4.639318466186523,0.0,4.639318466186523,4.639318466186523,0.0
153,WINE-HEART,ANOTHER-CONTROL,ENTROPY,-1,4.304029226303101,0.0,4.304029226303101,4.304029226303101,4.304029226303101,4.304029226303101,4.304029226303101,0.0,4.304029226303101,4.304029226303101,0.0
154,WINE-HEART,ANOTHER-CONTROL,GZIP,-1,7.75689172744751,0.0,7.75689172744751,7.75689172744751,7.75689172744751,7.75689172744751,7.75689172744751,0.0,7.75689172744751,7.75689172744751,0.0
155,WINE-HEART,ANOTHER-CONTROL,JP2,10,4.617552042007446,0.0,4.617552042007446,4.617552042007446,4.617552042007446,4.617552042007446,4.617552042007446,0.0,4.617552042007446,4.617552042007446,0.0
156,WINE-HEART,ANOTHER-CONTROL,PNG,-1,12.285700559616089,0.0,12.285700559616089,12.285700559616089,12.285700559616089,12.285700559616089,12.285700559616089,0.0,12.285700559616089,12.285700559616089,0.0
157,WINE-HEART,ANOTHER-CONTROL,PPMD,-1,5.349485397338867,0.0,5.349485397338867,5.349485397338867,5.349485397338867,5.349485397338867,5.349485397338867,0.0,5.349485397338867,5.349485397338867,0.0
158,WINE-HEART,ANOTHER-CONTROL,WEBP,18,9.844188213348389,0.0,9.844188213348389,9.844188213348389,9.844188213348389,9.844188213348389,9.844188213348389,0.0,9.844188213348389,9.844188213348389,0.0
159,WINE-HEART,ANOTHER-CONTROL,ZLIB,-1,5.437185764312744,0.0,5.437185764312744,5.437185764312744,5.437185764312744,5.437185764312744,5.437185764312744,0.0,5.437185764312744,5.437185764312744,0.0
160,WINE-HEART,CONC,BZ2,9,1.453397035598754,0.0,1.453397035598754,1.453397035598754,1.453397035598754,1.453397035598754,1.453397035598754,0.0,1.453397035598754,1.453397035598754,0.0
161,WINE-HEART,CONC,ENTROPY,7,0.9298570156097411,0.0,0.9298570156097411,0.9298570156097411,0.9298570156097411,0.9298570156097411,0.9298570156097411,0.0,0.9298570156097411,0.9298570156097411,0.0
162,WINE-HEART,CONC,GZIP,4,1.01065182685852,0.0,1.01065182685852,1.01065182685852,1.01065182685852,1.01065182685852,1.01065182685852,0.0,1.01065182685852,1.01065182685852,0.0
163,WINE-HEART,CONC,JP2,6,3.427363872528076,0.0,3.427363872528076,3.427363872528076,3.427363872528076,3.427363872528076,3.427363872528076,0.0,3.427363872528076,3.427363872528076,0.0
164,WINE-HEART,CONC,PNG,13,4.801179647445679,0.0,4.801179647445679,4.801179647445679,4.801179647445679,4.801179647445679,4.801179647445679,0.0,4.801179647445679,4.801179647445679,0.0
165,WINE-HEART,CONC,PPMD,6,0.9497053623199461,0.0,0.9497053623199461,0.9497053623199461,0.9497053623199461,0.9497053623199461,0.9497053623199461,0.0,0.9497053623199461,0.9497053623199461,0.0
166,WINE-HEART,CONC,WEBP,11,5.670128107070923,0.0,5.670128107070923,5.670128107070923,5.670128107070923,5.670128107070923,5.670128107070923,0.0,5.670128107070923,5.670128107070923,0.0
167,WINE-HEART,CONC,ZLIB,3,0.685738325119018,0.0,0.685738325119018,0.685738325119018,0.685738325119018,0.685738325119018,0.685738325119018,0.0,0.685738325119018,0.685738325119018,0.0
168,WINE-HEART,PROCESS,BZ2,2,0.417391061782836,0.0,0.417391061782836,0.417391061782836,0.417391061782836,0.417391061782836,0.417391061782836,0.0,0.417391061782836,0.417391061782836,0.0
169,WINE-HEART,PROCESS,ENTROPY,4,0.5921277999877931,0.0,0.5921277999877931,0.5921277999877931,0.5921277999877931,0.5921277999877931,0.5921277999877931,0.0,0.5921277999877931,0.5921277999877931,0.0
170,WINE-HEART,PROCESS,GZIP,2,0.6490242481231691,0.0,0.6490242481231691,0.6490242481231691,0.6490242481231691,0.6490242481231691,0.6490242481231691,0.0,0.6490242481231691,0.6490242481231691,0.0
171,WINE-HEART,PROCESS,JP2,24,12.4135901927948,0.0,12.4135901927948,12.4135901927948,12.4135901927948,12.4135901927948,12.4135901927948,0.0,12.4135901927948,12.4135901927948,0.0
172,WINE-HEART,PROCESS,PNG,4,1.324402809143066,0.0,1.324402809143066,1.324402809143066,1.324402809143066,1.324402809143066,1.324402809143066,0.0,1.324402809143066,1.324402809143066,0.0
173,WINE-HEART,PROCESS,PPMD,2,0.44866037368774403,0.0,0.44866037368774403,0.44866037368774403,0.44866037368774403,0.44866037368774403,0.44866037368774403,0.0,0.44866037368774403,0.44866037368774403,0.0
174,WINE-HEART,PROCESS,WEBP,2,1.459943294525146,0.0,1.459943294525146,1.459943294525146,1.459943294525146,1.459943294525146,1.459943294525146,0.0,1.459943294525146,1.459943294525146,0.0
175,WINE-HEART,PROCESS,ZLIB,2,0.42086839675903304,0.0,0.42086839675903304,0.42086839675903304,0.42086839675903304,0.42086839675903304,0.42086839675903304,0.0,0.42086839675903304,0.42086839675903304,0.0
176,WINE-HEART,TRAIN,BZ2,11,1.603742599487304,0.0,1.603742599487304,1.603742599487304,1.603742599487304,1.603742599487304,1.603742599487304,0.0,1.603742599487304,1.603742599487304,0.0
177,WINE-HEART,TRAIN,ENTROPY,17,2.158741950988769,0.0,2.158741950988769,2.158741950988769,2.158741950988769,2.158741950988769,2.158741950988769,0.0,2.158741950988769,2.158741950988769,0.0
178,WINE-HEART,TRAIN,GZIP,12,2.781742095947265,0.0,2.781742095947265,2.781742095947265,2.781742095947265,2.781742095947265,2.781742095947265,0.0,2.781742095947265,2.781742095947265,0.0
179,WINE-HEART,TRAIN,JP2,4,2.3253109455108643,0.0,2.3253109455108643,2.3253109455108643,2.3253109455108643,2.3253109455108643,2.3253109455108643,0.0,2.3253109455108643,2.3253109455108643,0.0
180,WINE-HEART,TRAIN,PNG,-1,11.052947521209717,0.0,11.052947521209717,11.052947521209717,11.052947521209717,11.052947521209717,11.052947521209717,0.0,11.052947521209717,11.052947521209717,0.0
181,WINE-HEART,TRAIN,PPMD,10,1.4996945858001711,0.0,1.4996945858001711,1.4996945858001711,1.4996945858001711,1.4996945858001711,1.4996945858001711,0.0,1.4996945858001711,1.4996945858001711,0.0
182,WINE-HEART,TRAIN,WEBP,25,13.714938879013062,0.0,13.714938879013062,13.714938879013062,13.714938879013062,13.714938879013062,13.714938879013062,0.0,13.714938879013062,13.714938879013062,0.0
183,WINE-HEART,TRAIN,ZLIB,12,1.943485736846923,0.0,1.943485736846923,1.943485736846923,1.943485736846923,1.943485736846923,1.943485736846923,0.0,1.943485736846923,1.943485736846923,0.0
184,WINE-HEART,MODEL,BZ2,6,0.9367492198944091,0.0,0.9367492198944091,0.9367492198944091,0.9367492198944091,0.9367492198944091,0.9367492198944091,0.0,0.9367492198944091,0.9367492198944091,0.0
185,WINE-HEART,MODEL,ENTROPY,4,0.6910681724548341,0.0,0.6910681724548341,0.6910681724548341,0.6910681724548341,0.6910681724548341,0.6910681724548341,0.0,0.6910681724548341,0.6910681724548341,0.0
186,WINE-HEART,MODEL,GZIP,5,1.22685170173645,0.0,1.22685170173645,1.22685170173645,1.22685170173645,1.22685170173645,1.22685170173645,0.0,1.22685170173645,1.22685170173645,0.0
187,WINE-HEART,MODEL,JP2,18,10.3104989528656,0.0,10.3104989528656,10.3104989528656,10.3104989528656,10.3104989528656,10.3104989528656,0.0,10.3104989528656,10.3104989528656,0.0
188,WINE-HEART,MODEL,PNG,0,0.440117359161376,0.0,0.440117359161376,0.440117359161376,0.440117359161376,0.440117359161376,0.440117359161376,0.0,0.440117359161376,0.440117359161376,0.0
189,WINE-HEART,MODEL,PPMD,4,0.721764802932739,0.0,0.721764802932739,0.721764802932739,0.721764802932739,0.721764802932739,0.721764802932739,0.0,0.721764802932739,0.721764802932739,0.0
190,WINE-HEART,MODEL,WEBP,9,4.767129421234131,0.0,4.767129421234131,4.767129421234131,4.767129421234131,4.767129421234131,4.767129421234131,0.0,4.767129421234131,4.767129421234131,0.0
191,WINE-HEART,MODEL,ZLIB,20,2.789947986602783,0.0,2.789947986602783,2.789947986602783,2.789947986602783,2.789947986602783,2.789947986602783,0.0,2.789947986602783,2.789947986602783,0.0
192,OIL-MAMMO,API,BZ2,8,1.117022037506103,0.0,1.117022037506103,1.117022037506103,1.117022037506103,1.117022037506103,1.117022037506103,0.0,1.117022037506103,1.117022037506103,0.0
193,OIL-MAMMO,API,ENTROPY,19,3.831850290298462,0.0,3.831850290298462,3.831850290298462,3.831850290298462,3.831850290298462,3.831850290298462,0.0,3.831850290298462,3.831850290298462,0.0
194,OIL-MAMMO,API,GZIP,13,2.918275117874145,0.0,2.918275117874145,2.918275117874145,2.918275117874145,2.918275117874145,2.918275117874145,0.0,2.918275117874145,2.918275117874145,0.0
195,OIL-MAMMO,API,JP2,17,8.093641519546509,0.0,8.093641519546509,8.093641519546509,8.093641519546509,8.093641519546509,8.093641519546509,0.0,8.093641519546509,8.093641519546509,0.0
196,OIL-MAMMO,API,PNG,21,8.042604207992554,0.0,8.042604207992554,8.042604207992554,8.042604207992554,8.042604207992554,8.042604207992554,0.0,8.042604207992554,8.042604207992554,0.0
197,OIL-MAMMO,API,PPMD,6,1.002622604370117,0.0,1.002622604370117,1.002622604370117,1.002622604370117,1.002622604370117,1.002622604370117,0.0,1.002622604370117,1.002622604370117,0.0
198,OIL-MAMMO,API,WEBP,7,3.022197246551513,0.0,3.022197246551513,3.022197246551513,3.022197246551513,3.022197246551513,3.022197246551513,0.0,3.022197246551513,3.022197246551513,0.0
199,OIL-MAMMO,API,ZLIB,15,2.135855197906494,0.0,2.135855197906494,2.135855197906494,2.135855197906494,2.135855197906494,2.135855197906494,0.0,2.135855197906494,2.135855197906494,0.0
200,OIL-MAMMO,LOGIC,BZ2,17,2.687884092330932,0.0,2.687884092330932,2.687884092330932,2.687884092330932,2.687884092330932,2.687884092330932,0.0,2.687884092330932,2.687884092330932,0.0
201,OIL-MAMMO,LOGIC,ENTROPY,7,1.007425546646118,0.0,1.007425546646118,1.007425546646118,1.007425546646118,1.007425546646118,1.007425546646118,0.0,1.007425546646118,1.007425546646118,0.0
202,OIL-MAMMO,LOGIC,GZIP,5,1.18275761604309,0.0,1.18275761604309,1.18275761604309,1.18275761604309,1.18275761604309,1.18275761604309,0.0,1.18275761604309,1.18275761604309,0.0
203,OIL-MAMMO,LOGIC,JP2,13,6.797296047210693,0.0,6.797296047210693,6.797296047210693,6.797296047210693,6.797296047210693,6.797296047210693,0.0,6.797296047210693,6.797296047210693,0.0
204,OIL-MAMMO,LOGIC,PNG,25,11.117411851882935,0.0,11.117411851882935,11.117411851882935,11.117411851882935,11.117411851882935,11.117411851882935,0.0,11.117411851882935,11.117411851882935,0.0
205,OIL-MAMMO,LOGIC,PPMD,15,2.392180204391479,0.0,2.392180204391479,2.392180204391479,2.392180204391479,2.392180204391479,2.392180204391479,0.0,2.392180204391479,2.392180204391479,0.0
206,OIL-MAMMO,LOGIC,WEBP,6,2.721403837203979,0.0,2.721403837203979,2.721403837203979,2.721403837203979,2.721403837203979,2.721403837203979,0.0,2.721403837203979,2.721403837203979,0.0
207,OIL-MAMMO,LOGIC,ZLIB,5,1.96164584159851,0.0,1.96164584159851,1.96164584159851,1.96164584159851,1.96164584159851,1.96164584159851,0.0,1.96164584159851,1.96164584159851,0.0
208,OIL-MAMMO,MEMORY,BZ2,20,2.9923431873321533,0.0,2.9923431873321533,2.9923431873321533,2.9923431873321533,2.9923431873321533,2.9923431873321533,0.0,2.9923431873321533,2.9923431873321533,0.0
209,OIL-MAMMO,MEMORY,ENTROPY,21,3.093108654022217,0.0,3.093108654022217,3.093108654022217,3.093108654022217,3.093108654022217,3.093108654022217,0.0,3.093108654022217,3.093108654022217,0.0
210,OIL-MAMMO,MEMORY,GZIP,5,1.155157804489135,0.0,1.155157804489135,1.155157804489135,1.155157804489135,1.155157804489135,1.155157804489135,0.0,1.155157804489135,1.155157804489135,0.0
211,OIL-MAMMO,MEMORY,JP2,2,1.466981649398803,0.0,1.466981649398803,1.466981649398803,1.466981649398803,1.466981649398803,1.466981649398803,0.0,1.466981649398803,1.466981649398803,0.0
212,OIL-MAMMO,MEMORY,PNG,16,9.644971370697021,0.0,9.644971370697021,9.644971370697021,9.644971370697021,9.644971370697021,9.644971370697021,0.0,9.644971370697021,9.644971370697021,0.0
213,OIL-MAMMO,MEMORY,PPMD,8,2.268224000930786,0.0,2.268224000930786,2.268224000930786,2.268224000930786,2.268224000930786,2.268224000930786,0.0,2.268224000930786,2.268224000930786,0.0
214,OIL-MAMMO,MEMORY,WEBP,3,1.918725490570068,0.0,1.918725490570068,1.918725490570068,1.918725490570068,1.918725490570068,1.918725490570068,0.0,1.918725490570068,1.918725490570068,0.0
215,OIL-MAMMO,MEMORY,ZLIB,8,1.079971313476562,0.0,1.079971313476562,1.079971313476562,1.079971313476562,1.079971313476562,1.079971313476562,0.0,1.079971313476562,1.079971313476562,0.0
216,OIL-MAMMO,ANOTHER-CONTROL,BZ2,-1,5.11347508430481,0.0,5.11347508430481,5.11347508430481,5.11347508430481,5.11347508430481,5.11347508430481,0.0,5.11347508430481,5.11347508430481,0.0
217,OIL-MAMMO,ANOTHER-CONTROL,ENTROPY,-1,5.661500692367554,0.0,5.661500692367554,5.661500692367554,5.661500692367554,5.661500692367554,5.661500692367554,0.0,5.661500692367554,5.661500692367554,0.0
218,OIL-MAMMO,ANOTHER-CONTROL,GZIP,-1,7.697554349899292,0.0,7.697554349899292,7.697554349899292,7.697554349899292,7.697554349899292,7.697554349899292,0.0,7.697554349899292,7.697554349899292,0.0
219,OIL-MAMMO,ANOTHER-CONTROL,JP2,8,5.183408498764038,0.0,5.183408498764038,5.183408498764038,5.183408498764038,5.183408498764038,5.183408498764038,0.0,5.183408498764038,5.183408498764038,0.0
220,OIL-MAMMO,ANOTHER-CONTROL,PNG,-1,12.921814918518066,0.0,12.921814918518066,12.921814918518066,12.921814918518066,12.921814918518066,12.921814918518066,0.0,12.921814918518066,12.921814918518066,0.0
221,OIL-MAMMO,ANOTHER-CONTROL,PPMD,-1,5.488332271575928,0.0,5.488332271575928,5.488332271575928,5.488332271575928,5.488332271575928,5.488332271575928,0.0,5.488332271575928,5.488332271575928,0.0
222,OIL-MAMMO,ANOTHER-CONTROL,WEBP,26,14.043108224868774,0.0,14.043108224868774,14.043108224868774,14.043108224868774,14.043108224868774,14.043108224868774,0.0,14.043108224868774,14.043108224868774,0.0
223,OIL-MAMMO,ANOTHER-CONTROL,ZLIB,-1,4.197262525558472,0.0,4.197262525558472,4.197262525558472,4.197262525558472,4.197262525558472,4.197262525558472,0.0,4.197262525558472,4.197262525558472,0.0
224,OIL-MAMMO,CONC,BZ2,4,0.7741432189941401,0.0,0.7741432189941401,0.7741432189941401,0.7741432189941401,0.7741432189941401,0.7741432189941401,0.0,0.7741432189941401,0.7741432189941401,0.0
225,OIL-MAMMO,CONC,ENTROPY,9,1.278632640838623,0.0,1.278632640838623,1.278632640838623,1.278632640838623,1.278632640838623,1.278632640838623,0.0,1.278632640838623,1.278632640838623,0.0
226,OIL-MAMMO,CONC,GZIP,3,0.7711608409881591,0.0,0.7711608409881591,0.7711608409881591,0.7711608409881591,0.7711608409881591,0.7711608409881591,0.0,0.7711608409881591,0.7711608409881591,0.0
227,OIL-MAMMO,CONC,JP2,4,2.411762952804565,0.0,2.411762952804565,2.411762952804565,2.411762952804565,2.411762952804565,2.411762952804565,0.0,2.411762952804565,2.411762952804565,0.0
228,OIL-MAMMO,CONC,PNG,11,4.00597620010376,0.0,4.00597620010376,4.00597620010376,4.00597620010376,4.00597620010376,4.00597620010376,0.0,4.00597620010376,4.00597620010376,0.0
229,OIL-MAMMO,CONC,PPMD,13,2.295474290847778,0.0,2.295474290847778,2.295474290847778,2.295474290847778,2.295474290847778,2.295474290847778,0.0,2.295474290847778,2.295474290847778,0.0
230,OIL-MAMMO,CONC,WEBP,7,3.679868459701538,0.0,3.679868459701538,3.679868459701538,3.679868459701538,3.679868459701538,3.679868459701538,0.0,3.679868459701538,3.679868459701538,0.0
231,OIL-MAMMO,CONC,ZLIB,3,0.490867853164672,0.0,0.490867853164672,0.490867853164672,0.490867853164672,0.490867853164672,0.490867853164672,0.0,0.490867853164672,0.490867853164672,0.0
232,OIL-MAMMO,PROCESS,BZ2,2,0.6385955810546871,0.0,0.6385955810546871,0.6385955810546871,0.6385955810546871,0.6385955810546871,0.6385955810546871,0.0,0.6385955810546871,0.6385955810546871,0.0
233,OIL-MAMMO,PROCESS,ENTROPY,7,0.9774444103240961,0.0,0.9774444103240961,0.9774444103240961,0.9774444103240961,0.9774444103240961,0.9774444103240961,0.0,0.9774444103240961,0.9774444103240961,0.0
234,OIL-MAMMO,PROCESS,GZIP,2,0.6195905208587641,0.0,0.6195905208587641,0.6195905208587641,0.6195905208587641,0.6195905208587641,0.6195905208587641,0.0,0.6195905208587641,0.6195905208587641,0.0
235,OIL-MAMMO,PROCESS,JP2,12,5.885532379150391,0.0,5.885532379150391,5.885532379150391,5.885532379150391,5.885532379150391,5.885532379150391,0.0,5.885532379150391,5.885532379150391,0.0
236,OIL-MAMMO,PROCESS,PNG,4,1.631766080856323,0.0,1.631766080856323,1.631766080856323,1.631766080856323,1.631766080856323,1.631766080856323,0.0,1.631766080856323,1.631766080856323,0.0
237,OIL-MAMMO,PROCESS,PPMD,3,0.62465763092041,0.0,0.62465763092041,0.62465763092041,0.62465763092041,0.62465763092041,0.62465763092041,0.0,0.62465763092041,0.62465763092041,0.0
238,OIL-MAMMO,PROCESS,WEBP,3,1.762170553207397,0.0,1.762170553207397,1.762170553207397,1.762170553207397,1.762170553207397,1.762170553207397,0.0,1.762170553207397,1.762170553207397,0.0
239,OIL-MAMMO,PROCESS,ZLIB,2,0.41087532043457003,0.0,0.41087532043457003,0.41087532043457003,0.41087532043457003,0.41087532043457003,0.41087532043457003,0.0,0.41087532043457003,0.41087532043457003,0.0
240,OIL-MAMMO,TRAIN,BZ2,4,0.9408845901489251,0.0,0.9408845901489251,0.9408845901489251,0.9408845901489251,0.9408845901489251,0.9408845901489251,0.0,0.9408845901489251,0.9408845901489251,0.0
241,OIL-MAMMO,TRAIN,ENTROPY,6,0.817909002304077,0.0,0.817909002304077,0.817909002304077,0.817909002304077,0.817909002304077,0.817909002304077,0.0,0.817909002304077,0.817909002304077,0.0
242,OIL-MAMMO,TRAIN,GZIP,6,1.363086223602295,0.0,1.363086223602295,1.363086223602295,1.363086223602295,1.363086223602295,1.363086223602295,0.0,1.363086223602295,1.363086223602295,0.0
243,OIL-MAMMO,TRAIN,JP2,7,3.622989177703857,0.0,3.622989177703857,3.622989177703857,3.622989177703857,3.622989177703857,3.622989177703857,0.0,3.622989177703857,3.622989177703857,0.0
244,OIL-MAMMO,TRAIN,PNG,-1,13.048177719116211,0.0,13.048177719116211,13.048177719116211,13.048177719116211,13.048177719116211,13.048177719116211,0.0,13.048177719116211,13.048177719116211,0.0
245,OIL-MAMMO,TRAIN,PPMD,3,0.5647146701812741,0.0,0.5647146701812741,0.5647146701812741,0.5647146701812741,0.5647146701812741,0.5647146701812741,0.0,0.5647146701812741,0.5647146701812741,0.0
246,OIL-MAMMO,TRAIN,WEBP,11,5.412954330444336,0.0,5.412954330444336,5.412954330444336,5.412954330444336,5.412954330444336,5.412954330444336,0.0,5.412954330444336,5.412954330444336,0.0
247,OIL-MAMMO,TRAIN,ZLIB,7,0.9528818130493161,0.0,0.9528818130493161,0.9528818130493161,0.9528818130493161,0.9528818130493161,0.9528818130493161,0.0,0.9528818130493161,0.9528818130493161,0.0
248,OIL-MAMMO,MODEL,BZ2,6,1.117228984832763,0.0,1.117228984832763,1.117228984832763,1.117228984832763,1.117228984832763,1.117228984832763,0.0,1.117228984832763,1.117228984832763,0.0
249,OIL-MAMMO,MODEL,ENTROPY,11,1.3683192729949951,0.0,1.3683192729949951,1.3683192729949951,1.3683192729949951,1.3683192729949951,1.3683192729949951,0.0,1.3683192729949951,1.3683192729949951,0.0
250,OIL-MAMMO,MODEL,GZIP,8,1.734232902526855,0.0,1.734232902526855,1.734232902526855,1.734232902526855,1.734232902526855,1.734232902526855,0.0,1.734232902526855,1.734232902526855,0.0
251,OIL-MAMMO,MODEL,JP2,20,10.4125337600708,0.0,10.4125337600708,10.4125337600708,10.4125337600708,10.4125337600708,10.4125337600708,0.0,10.4125337600708,10.4125337600708,0.0
252,OIL-MAMMO,MODEL,PNG,24,8.908408880233765,0.0,8.908408880233765,8.908408880233765,8.908408880233765,8.908408880233765,8.908408880233765,0.0,8.908408880233765,8.908408880233765,0.0
253,OIL-MAMMO,MODEL,PPMD,6,0.9042804241180421,0.0,0.9042804241180421,0.9042804241180421,0.9042804241180421,0.9042804241180421,0.9042804241180421,0.0,0.9042804241180421,0.9042804241180421,0.0
254,OIL-MAMMO,MODEL,WEBP,-1,15.883795261383057,0.0,15.883795261383057,15.883795261383057,15.883795261383057,15.883795261383057,15.883795261383057,0.0,15.883795261383057,15.883795261383057,0.0
255,OIL-MAMMO,MODEL,ZLIB,8,1.171193838119506,0.0,1.171193838119506,1.171193838119506,1.171193838119506,1.171193838119506,1.171193838119506,0.0,1.171193838119506,1.171193838119506,0.0
256,IONO-SOLAR,API,BZ2,24,6.392789840698242,0.0,6.392789840698242,6.392789840698242,6.392789840698242,6.392789840698242,6.392789840698242,0.0,6.392789840698242,6.392789840698242,0.0
257,IONO-SOLAR,API,ENTROPY,16,2.140355825424194,0.0,2.140355825424194,2.140355825424194,2.140355825424194,2.140355825424194,2.140355825424194,0.0,2.140355825424194,2.140355825424194,0.0
258,IONO-SOLAR,API,GZIP,4,1.0142822265625,0.0,1.0142822265625,1.0142822265625,1.0142822265625,1.0142822265625,1.0142822265625,0.0,1.0142822265625,1.0142822265625,0.0
259,IONO-SOLAR,API,JP2,7,4.852329969406128,0.0,4.852329969406128,4.852329969406128,4.852329969406128,4.852329969406128,4.852329969406128,0.0,4.852329969406128,4.852329969406128,0.0
260,IONO-SOLAR,API,PNG,-1,20.351228952407837,0.0,20.351228952407837,20.351228952407837,20.351228952407837,20.351228952407837,20.351228952407837,0.0,20.351228952407837,20.351228952407837,0.0
261,IONO-SOLAR,API,PPMD,9,1.493588209152221,0.0,1.493588209152221,1.493588209152221,1.493588209152221,1.493588209152221,1.493588209152221,0.0,1.493588209152221,1.493588209152221,0.0
262,IONO-SOLAR,API,WEBP,27,20.002902030944824,0.0,20.002902030944824,20.002902030944824,20.002902030944824,20.002902030944824,20.002902030944824,0.0,20.002902030944824,20.002902030944824,0.0
263,IONO-SOLAR,API,ZLIB,4,0.684993743896484,0.0,0.684993743896484,0.684993743896484,0.684993743896484,0.684993743896484,0.684993743896484,0.0,0.684993743896484,0.684993743896484,0.0
264,IONO-SOLAR,LOGIC,BZ2,10,1.859639644622802,0.0,1.859639644622802,1.859639644622802,1.859639644622802,1.859639644622802,1.859639644622802,0.0,1.859639644622802,1.859639644622802,0.0
265,IONO-SOLAR,LOGIC,ENTROPY,14,1.972415685653686,0.0,1.972415685653686,1.972415685653686,1.972415685653686,1.972415685653686,1.972415685653686,0.0,1.972415685653686,1.972415685653686,0.0
266,IONO-SOLAR,LOGIC,GZIP,6,1.383792400360107,0.0,1.383792400360107,1.383792400360107,1.383792400360107,1.383792400360107,1.383792400360107,0.0,1.383792400360107,1.383792400360107,0.0
267,IONO-SOLAR,LOGIC,JP2,12,7.799591779708862,0.0,7.799591779708862,7.799591779708862,7.799591779708862,7.799591779708862,7.799591779708862,0.0,7.799591779708862,7.799591779708862,0.0
268,IONO-SOLAR,LOGIC,PNG,16,7.9915595054626465,0.0,7.9915595054626465,7.9915595054626465,7.9915595054626465,7.9915595054626465,7.9915595054626465,0.0,7.9915595054626465,7.9915595054626465,0.0
269,IONO-SOLAR,LOGIC,PPMD,10,1.516697883605957,0.0,1.516697883605957,1.516697883605957,1.516697883605957,1.516697883605957,1.516697883605957,0.0,1.516697883605957,1.516697883605957,0.0
270,IONO-SOLAR,LOGIC,WEBP,11,6.571551561355591,0.0,6.571551561355591,6.571551561355591,6.571551561355591,6.571551561355591,6.571551561355591,0.0,6.571551561355591,6.571551561355591,0.0
271,IONO-SOLAR,LOGIC,ZLIB,7,1.076288700103759,0.0,1.076288700103759,1.076288700103759,1.076288700103759,1.076288700103759,1.076288700103759,0.0,1.076288700103759,1.076288700103759,0.0
272,IONO-SOLAR,MEMORY,BZ2,13,2.471841812133789,0.0,2.471841812133789,2.471841812133789,2.471841812133789,2.471841812133789,2.471841812133789,0.0,2.471841812133789,2.471841812133789,0.0
273,IONO-SOLAR,MEMORY,ENTROPY,22,3.415012836456299,0.0,3.415012836456299,3.415012836456299,3.415012836456299,3.415012836456299,3.415012836456299,0.0,3.415012836456299,3.415012836456299,0.0
274,IONO-SOLAR,MEMORY,GZIP,23,5.733145713806152,0.0,5.733145713806152,5.733145713806152,5.733145713806152,5.733145713806152,5.733145713806152,0.0,5.733145713806152,5.733145713806152,0.0
275,IONO-SOLAR,MEMORY,JP2,20,12.622559070587158,0.0,12.622559070587158,12.622559070587158,12.622559070587158,12.622559070587158,12.622559070587158,0.0,12.622559070587158,12.622559070587158,0.0
276,IONO-SOLAR,MEMORY,PNG,29,19.085221529006958,0.0,19.085221529006958,19.085221529006958,19.085221529006958,19.085221529006958,19.085221529006958,0.0,19.085221529006958,19.085221529006958,0.0
277,IONO-SOLAR,MEMORY,PPMD,16,2.623149394989013,0.0,2.623149394989013,2.623149394989013,2.623149394989013,2.623149394989013,2.623149394989013,0.0,2.623149394989013,2.623149394989013,0.0
278,IONO-SOLAR,MEMORY,WEBP,-1,22.332576990127563,0.0,22.332576990127563,22.332576990127563,22.332576990127563,22.332576990127563,22.332576990127563,0.0,22.332576990127563,22.332576990127563,0.0
279,IONO-SOLAR,MEMORY,ZLIB,20,2.759413480758667,0.0,2.759413480758667,2.759413480758667,2.759413480758667,2.759413480758667,2.759413480758667,0.0,2.759413480758667,2.759413480758667,0.0
280,IONO-SOLAR,ANOTHER-CONTROL,BZ2,-1,6.480073690414429,0.0,6.480073690414429,6.480073690414429,6.480073690414429,6.480073690414429,6.480073690414429,0.0,6.480073690414429,6.480073690414429,0.0
281,IONO-SOLAR,ANOTHER-CONTROL,ENTROPY,-1,5.16275429725647,0.0,5.16275429725647,5.16275429725647,5.16275429725647,5.16275429725647,5.16275429725647,0.0,5.16275429725647,5.16275429725647,0.0
282,IONO-SOLAR,ANOTHER-CONTROL,GZIP,-1,7.955637454986572,0.0,7.955637454986572,7.955637454986572,7.955637454986572,7.955637454986572,7.955637454986572,0.0,7.955637454986572,7.955637454986572,0.0
283,IONO-SOLAR,ANOTHER-CONTROL,JP2,6,3.643569707870483,0.0,3.643569707870483,3.643569707870483,3.643569707870483,3.643569707870483,3.643569707870483,0.0,3.643569707870483,3.643569707870483,0.0
284,IONO-SOLAR,ANOTHER-CONTROL,PNG,26,14.666091680526733,0.0,14.666091680526733,14.666091680526733,14.666091680526733,14.666091680526733,14.666091680526733,0.0,14.666091680526733,14.666091680526733,0.0
285,IONO-SOLAR,ANOTHER-CONTROL,PPMD,-1,5.842196464538574,0.0,5.842196464538574,5.842196464538574,5.842196464538574,5.842196464538574,5.842196464538574,0.0,5.842196464538574,5.842196464538574,0.0
286,IONO-SOLAR,ANOTHER-CONTROL,WEBP,29,22.509259700775146,0.0,22.509259700775146,22.509259700775146,22.509259700775146,22.509259700775146,22.509259700775146,0.0,22.509259700775146,22.509259700775146,0.0
287,IONO-SOLAR,ANOTHER-CONTROL,ZLIB,-1,6.602677822113037,0.0,6.602677822113037,6.602677822113037,6.602677822113037,6.602677822113037,6.602677822113037,0.0,6.602677822113037,6.602677822113037,0.0
288,IONO-SOLAR,CONC,BZ2,9,1.610712766647338,0.0,1.610712766647338,1.610712766647338,1.610712766647338,1.610712766647338,1.610712766647338,0.0,1.610712766647338,1.610712766647338,0.0
289,IONO-SOLAR,CONC,ENTROPY,12,1.7605314254760742,0.0,1.7605314254760742,1.7605314254760742,1.7605314254760742,1.7605314254760742,1.7605314254760742,0.0,1.7605314254760742,1.7605314254760742,0.0
290,IONO-SOLAR,CONC,GZIP,3,0.7990031242370601,0.0,0.7990031242370601,0.7990031242370601,0.7990031242370601,0.7990031242370601,0.7990031242370601,0.0,0.7990031242370601,0.7990031242370601,0.0
291,IONO-SOLAR,CONC,JP2,11,6.861969470977783,0.0,6.861969470977783,6.861969470977783,6.861969470977783,6.861969470977783,6.861969470977783,0.0,6.861969470977783,6.861969470977783,0.0
292,IONO-SOLAR,CONC,PNG,18,12.445369720458984,0.0,12.445369720458984,12.445369720458984,12.445369720458984,12.445369720458984,12.445369720458984,0.0,12.445369720458984,12.445369720458984,0.0
293,IONO-SOLAR,CONC,PPMD,5,0.8581633567810051,0.0,0.8581633567810051,0.8581633567810051,0.8581633567810051,0.8581633567810051,0.8581633567810051,0.0,0.8581633567810051,0.8581633567810051,0.0
294,IONO-SOLAR,CONC,WEBP,11,6.650201797485352,0.0,6.650201797485352,6.650201797485352,6.650201797485352,6.650201797485352,6.650201797485352,0.0,6.650201797485352,6.650201797485352,0.0
295,IONO-SOLAR,CONC,ZLIB,3,0.495476007461547,0.0,0.495476007461547,0.495476007461547,0.495476007461547,0.495476007461547,0.495476007461547,0.0,0.495476007461547,0.495476007461547,0.0
296,IONO-SOLAR,PROCESS,BZ2,2,0.509717226028442,0.0,0.509717226028442,0.509717226028442,0.509717226028442,0.509717226028442,0.509717226028442,0.0,0.509717226028442,0.509717226028442,0.0
297,IONO-SOLAR,PROCESS,ENTROPY,3,0.516032457351684,0.0,0.516032457351684,0.516032457351684,0.516032457351684,0.516032457351684,0.516032457351684,0.0,0.516032457351684,0.516032457351684,0.0
298,IONO-SOLAR,PROCESS,GZIP,3,0.7885866165161131,0.0,0.7885866165161131,0.7885866165161131,0.7885866165161131,0.7885866165161131,0.7885866165161131,0.0,0.7885866165161131,0.7885866165161131,0.0
299,IONO-SOLAR,PROCESS,JP2,29,20.30511498451233,0.0,20.30511498451233,20.30511498451233,20.30511498451233,20.30511498451233,20.30511498451233,0.0,20.30511498451233,20.30511498451233,0.0
300,IONO-SOLAR,PROCESS,PNG,3,1.901224851608276,0.0,1.901224851608276,1.901224851608276,1.901224851608276,1.901224851608276,1.901224851608276,0.0,1.901224851608276,1.901224851608276,0.0
301,IONO-SOLAR,PROCESS,PPMD,1,0.34553456306457503,0.0,0.34553456306457503,0.34553456306457503,0.34553456306457503,0.34553456306457503,0.34553456306457503,0.0,0.34553456306457503,0.34553456306457503,0.0
302,IONO-SOLAR,PROCESS,WEBP,3,2.121110677719116,0.0,2.121110677719116,2.121110677719116,2.121110677719116,2.121110677719116,2.121110677719116,0.0,2.121110677719116,2.121110677719116,0.0
303,IONO-SOLAR,PROCESS,ZLIB,2,0.5844044685363771,0.0,0.5844044685363771,0.5844044685363771,0.5844044685363771,0.5844044685363771,0.5844044685363771,0.0,0.5844044685363771,0.5844044685363771,0.0
304,IONO-SOLAR,TRAIN,BZ2,2,0.5285241603851311,0.0,0.5285241603851311,0.5285241603851311,0.5285241603851311,0.5285241603851311,0.5285241603851311,0.0,0.5285241603851311,0.5285241603851311,0.0
305,IONO-SOLAR,TRAIN,ENTROPY,13,1.835382223129272,0.0,1.835382223129272,1.835382223129272,1.835382223129272,1.835382223129272,1.835382223129272,0.0,1.835382223129272,1.835382223129272,0.0
306,IONO-SOLAR,TRAIN,GZIP,4,0.9636347293853761,0.0,0.9636347293853761,0.9636347293853761,0.9636347293853761,0.9636347293853761,0.9636347293853761,0.0,0.9636347293853761,0.9636347293853761,0.0
307,IONO-SOLAR,TRAIN,JP2,3,2.182246685028076,0.0,2.182246685028076,2.182246685028076,2.182246685028076,2.182246685028076,2.182246685028076,0.0,2.182246685028076,2.182246685028076,0.0
308,IONO-SOLAR,TRAIN,PNG,16,8.849409580230713,0.0,8.849409580230713,8.849409580230713,8.849409580230713,8.849409580230713,8.849409580230713,0.0,8.849409580230713,8.849409580230713,0.0
309,IONO-SOLAR,TRAIN,PPMD,6,0.976450204849243,0.0,0.976450204849243,0.976450204849243,0.976450204849243,0.976450204849243,0.976450204849243,0.0,0.976450204849243,0.976450204849243,0.0
310,IONO-SOLAR,TRAIN,WEBP,13,8.720067024230957,0.0,8.720067024230957,8.720067024230957,8.720067024230957,8.720067024230957,8.720067024230957,0.0,8.720067024230957,8.720067024230957,0.0
311,IONO-SOLAR,TRAIN,ZLIB,5,1.013052463531494,0.0,1.013052463531494,1.013052463531494,1.013052463531494,1.013052463531494,1.013052463531494,0.0,1.013052463531494,1.013052463531494,0.0
312,IONO-SOLAR,MODEL,BZ2,17,3.189648866653442,0.0,3.189648866653442,3.189648866653442,3.189648866653442,3.189648866653442,3.189648866653442,0.0,3.189648866653442,3.189648866653442,0.0
313,IONO-SOLAR,MODEL,ENTROPY,24,3.498996019363403,0.0,3.498996019363403,3.498996019363403,3.498996019363403,3.498996019363403,3.498996019363403,0.0,3.498996019363403,3.498996019363403,0.0
314,IONO-SOLAR,MODEL,GZIP,10,2.150775194168091,0.0,2.150775194168091,2.150775194168091,2.150775194168091,2.150775194168091,2.150775194168091,0.0,2.150775194168091,2.150775194168091,0.0
315,IONO-SOLAR,MODEL,JP2,10,7.7645485401153564,0.0,7.7645485401153564,7.7645485401153564,7.7645485401153564,7.7645485401153564,7.7645485401153564,0.0,7.7645485401153564,7.7645485401153564,0.0
316,IONO-SOLAR,MODEL,PNG,27,16.18304753303528,0.0,16.18304753303528,16.18304753303528,16.18304753303528,16.18304753303528,16.18304753303528,0.0,16.18304753303528,16.18304753303528,0.0
317,IONO-SOLAR,MODEL,PPMD,10,1.5946946144104,0.0,1.5946946144104,1.5946946144104,1.5946946144104,1.5946946144104,1.5946946144104,0.0,1.5946946144104,1.5946946144104,0.0
318,IONO-SOLAR,MODEL,WEBP,14,8.57913851737976,0.0,8.57913851737976,8.57913851737976,8.57913851737976,8.57913851737976,8.57913851737976,0.0,8.57913851737976,8.57913851737976,0.0
319,IONO-SOLAR,MODEL,ZLIB,15,1.97834825515747,0.0,1.97834825515747,1.97834825515747,1.97834825515747,1.97834825515747,1.97834825515747,0.0,1.97834825515747,1.97834825515747,0.0
320,BANK-PIMA,API,BZ2,9,2.730313062667846,0.0,2.730313062667846,2.730313062667846,2.730313062667846,2.730313062667846,2.730313062667846,0.0,2.730313062667846,2.730313062667846,0.0
321,BANK-PIMA,API,ENTROPY,15,1.989201545715332,0.0,1.989201545715332,1.989201545715332,1.989201545715332,1.989201545715332,1.989201545715332,0.0,1.989201545715332,1.989201545715332,0.0
322,BANK-PIMA,API,GZIP,6,1.350245714187622,0.0,1.350245714187622,1.350245714187622,1.350245714187622,1.350245714187622,1.350245714187622,0.0,1.350245714187622,1.350245714187622,0.0
323,BANK-PIMA,API,JP2,7,3.644169569015503,0.0,3.644169569015503,3.644169569015503,3.644169569015503,3.644169569015503,3.644169569015503,0.0,3.644169569015503,3.644169569015503,0.0
324,BANK-PIMA,API,PNG,5,1.861499309539795,0.0,1.861499309539795,1.861499309539795,1.861499309539795,1.861499309539795,1.861499309539795,0.0,1.861499309539795,1.861499309539795,0.0
325,BANK-PIMA,API,PPMD,4,0.7343983650207521,0.0,0.7343983650207521,0.7343983650207521,0.7343983650207521,0.7343983650207521,0.7343983650207521,0.0,0.7343983650207521,0.7343983650207521,0.0
326,BANK-PIMA,API,WEBP,21,12.440379858016968,0.0,12.440379858016968,12.440379858016968,12.440379858016968,12.440379858016968,12.440379858016968,0.0,12.440379858016968,12.440379858016968,0.0
327,BANK-PIMA,API,ZLIB,6,1.023254156112671,0.0,1.023254156112671,1.023254156112671,1.023254156112671,1.023254156112671,1.023254156112671,0.0,1.023254156112671,1.023254156112671,0.0
328,BANK-PIMA,LOGIC,BZ2,8,1.44226598739624,0.0,1.44226598739624,1.44226598739624,1.44226598739624,1.44226598739624,1.44226598739624,0.0,1.44226598739624,1.44226598739624,0.0
329,BANK-PIMA,LOGIC,ENTROPY,22,3.06328797340393,0.0,3.06328797340393,3.06328797340393,3.06328797340393,3.06328797340393,3.06328797340393,0.0,3.06328797340393,3.06328797340393,0.0
330,BANK-PIMA,LOGIC,GZIP,0,0.29486393928527804,0.0,0.29486393928527804,0.29486393928527804,0.29486393928527804,0.29486393928527804,0.29486393928527804,0.0,0.29486393928527804,0.29486393928527804,0.0
331,BANK-PIMA,LOGIC,JP2,15,8.074288606643677,0.0,8.074288606643677,8.074288606643677,8.074288606643677,8.074288606643677,8.074288606643677,0.0,8.074288606643677,8.074288606643677,0.0
332,BANK-PIMA,LOGIC,PNG,6,2.120981693267822,0.0,2.120981693267822,2.120981693267822,2.120981693267822,2.120981693267822,2.120981693267822,0.0,2.120981693267822,2.120981693267822,0.0
333,BANK-PIMA,LOGIC,PPMD,4,0.7346251010894771,0.0,0.7346251010894771,0.7346251010894771,0.7346251010894771,0.7346251010894771,0.7346251010894771,0.0,0.7346251010894771,0.7346251010894771,0.0
334,BANK-PIMA,LOGIC,WEBP,13,7.107231140136719,0.0,7.107231140136719,7.107231140136719,7.107231140136719,7.107231140136719,7.107231140136719,0.0,7.107231140136719,7.107231140136719,0.0
335,BANK-PIMA,LOGIC,ZLIB,3,0.582734823226928,0.0,0.582734823226928,0.582734823226928,0.582734823226928,0.582734823226928,0.582734823226928,0.0,0.582734823226928,0.582734823226928,0.0
336,BANK-PIMA,MEMORY,BZ2,2,0.526990413665771,0.0,0.526990413665771,0.526990413665771,0.526990413665771,0.526990413665771,0.526990413665771,0.0,0.526990413665771,0.526990413665771,0.0
337,BANK-PIMA,MEMORY,ENTROPY,-1,4.367577791213989,0.0,4.367577791213989,4.367577791213989,4.367577791213989,4.367577791213989,4.367577791213989,0.0,4.367577791213989,4.367577791213989,0.0
338,BANK-PIMA,MEMORY,GZIP,8,1.82422924041748,0.0,1.82422924041748,1.82422924041748,1.82422924041748,1.82422924041748,1.82422924041748,0.0,1.82422924041748,1.82422924041748,0.0
339,BANK-PIMA,MEMORY,JP2,10,7.047444820404053,0.0,7.047444820404053,7.047444820404053,7.047444820404053,7.047444820404053,7.047444820404053,0.0,7.047444820404053,7.047444820404053,0.0
340,BANK-PIMA,MEMORY,PNG,18,6.75907039642334,0.0,6.75907039642334,6.75907039642334,6.75907039642334,6.75907039642334,6.75907039642334,0.0,6.75907039642334,6.75907039642334,0.0
341,BANK-PIMA,MEMORY,PPMD,8,1.290773868560791,0.0,1.290773868560791,1.290773868560791,1.290773868560791,1.290773868560791,1.290773868560791,0.0,1.290773868560791,1.290773868560791,0.0
342,BANK-PIMA,MEMORY,WEBP,9,6.162443161010742,0.0,6.162443161010742,6.162443161010742,6.162443161010742,6.162443161010742,6.162443161010742,0.0,6.162443161010742,6.162443161010742,0.0
343,BANK-PIMA,MEMORY,ZLIB,5,0.8214089870452881,0.0,0.8214089870452881,0.8214089870452881,0.8214089870452881,0.8214089870452881,0.8214089870452881,0.0,0.8214089870452881,0.8214089870452881,0.0
344,BANK-PIMA,ANOTHER-CONTROL,BZ2,-1,5.668058395385742,0.0,5.668058395385742,5.668058395385742,5.668058395385742,5.668058395385742,5.668058395385742,0.0,5.668058395385742,5.668058395385742,0.0
345,BANK-PIMA,ANOTHER-CONTROL,ENTROPY,-1,5.4865360260009775,0.0,5.4865360260009775,5.4865360260009775,5.4865360260009775,5.4865360260009775,5.4865360260009775,0.0,5.4865360260009775,5.4865360260009775,0.0
346,BANK-PIMA,ANOTHER-CONTROL,GZIP,-1,7.825011968612671,0.0,7.825011968612671,7.825011968612671,7.825011968612671,7.825011968612671,7.825011968612671,0.0,7.825011968612671,7.825011968612671,0.0
347,BANK-PIMA,ANOTHER-CONTROL,JP2,8,5.898394823074341,0.0,5.898394823074341,5.898394823074341,5.898394823074341,5.898394823074341,5.898394823074341,0.0,5.898394823074341,5.898394823074341,0.0
348,BANK-PIMA,ANOTHER-CONTROL,PNG,-1,14.153023719787598,0.0,14.153023719787598,14.153023719787598,14.153023719787598,14.153023719787598,14.153023719787598,0.0,14.153023719787598,14.153023719787598,0.0
349,BANK-PIMA,ANOTHER-CONTROL,PPMD,-1,5.562072277069092,0.0,5.562072277069092,5.562072277069092,5.562072277069092,5.562072277069092,5.562072277069092,0.0,5.562072277069092,5.562072277069092,0.0
350,BANK-PIMA,ANOTHER-CONTROL,WEBP,24,13.05910849571228,0.0,13.05910849571228,13.05910849571228,13.05910849571228,13.05910849571228,13.05910849571228,0.0,13.05910849571228,13.05910849571228,0.0
351,BANK-PIMA,ANOTHER-CONTROL,ZLIB,-1,4.3906238079071045,0.0,4.3906238079071045,4.3906238079071045,4.3906238079071045,4.3906238079071045,4.3906238079071045,0.0,4.3906238079071045,4.3906238079071045,0.0
352,BANK-PIMA,CONC,BZ2,3,0.609498739242553,0.0,0.609498739242553,0.609498739242553,0.609498739242553,0.609498739242553,0.609498739242553,0.0,0.609498739242553,0.609498739242553,0.0
353,BANK-PIMA,CONC,ENTROPY,2,0.40666627883911105,0.0,0.40666627883911105,0.40666627883911105,0.40666627883911105,0.40666627883911105,0.40666627883911105,0.0,0.40666627883911105,0.40666627883911105,0.0
354,BANK-PIMA,CONC,GZIP,8,1.774510145187378,0.0,1.774510145187378,1.774510145187378,1.774510145187378,1.774510145187378,1.774510145187378,0.0,1.774510145187378,1.774510145187378,0.0
355,BANK-PIMA,CONC,JP2,14,10.99410605430603,0.0,10.99410605430603,10.99410605430603,10.99410605430603,10.99410605430603,10.99410605430603,0.0,10.99410605430603,10.99410605430603,0.0
356,BANK-PIMA,CONC,PNG,-1,14.362259149551392,0.0,14.362259149551392,14.362259149551392,14.362259149551392,14.362259149551392,14.362259149551392,0.0,14.362259149551392,14.362259149551392,0.0
357,BANK-PIMA,CONC,PPMD,2,0.484332799911499,0.0,0.484332799911499,0.484332799911499,0.484332799911499,0.484332799911499,0.484332799911499,0.0,0.484332799911499,0.484332799911499,0.0
358,BANK-PIMA,CONC,WEBP,12,5.902262449264526,0.0,5.902262449264526,5.902262449264526,5.902262449264526,5.902262449264526,5.902262449264526,0.0,5.902262449264526,5.902262449264526,0.0
359,BANK-PIMA,CONC,ZLIB,9,1.5137829780578609,0.0,1.5137829780578609,1.5137829780578609,1.5137829780578609,1.5137829780578609,1.5137829780578609,0.0,1.5137829780578609,1.5137829780578609,0.0
360,BANK-PIMA,PROCESS,BZ2,10,1.526649713516235,0.0,1.526649713516235,1.526649713516235,1.526649713516235,1.526649713516235,1.526649713516235,0.0,1.526649713516235,1.526649713516235,0.0
361,BANK-PIMA,PROCESS,ENTROPY,5,0.72583794593811,0.0,0.72583794593811,0.72583794593811,0.72583794593811,0.72583794593811,0.72583794593811,0.0,0.72583794593811,0.72583794593811,0.0
362,BANK-PIMA,PROCESS,GZIP,8,3.136183500289917,0.0,3.136183500289917,3.136183500289917,3.136183500289917,3.136183500289917,3.136183500289917,0.0,3.136183500289917,3.136183500289917,0.0
363,BANK-PIMA,PROCESS,JP2,14,9.574334383010864,0.0,9.574334383010864,9.574334383010864,9.574334383010864,9.574334383010864,9.574334383010864,0.0,9.574334383010864,9.574334383010864,0.0
364,BANK-PIMA,PROCESS,PNG,8,2.660549402236938,0.0,2.660549402236938,2.660549402236938,2.660549402236938,2.660549402236938,2.660549402236938,0.0,2.660549402236938,2.660549402236938,0.0
365,BANK-PIMA,PROCESS,PPMD,8,1.254508733749389,0.0,1.254508733749389,1.254508733749389,1.254508733749389,1.254508733749389,1.254508733749389,0.0,1.254508733749389,1.254508733749389,0.0
366,BANK-PIMA,PROCESS,WEBP,3,1.82935619354248,0.0,1.82935619354248,1.82935619354248,1.82935619354248,1.82935619354248,1.82935619354248,0.0,1.82935619354248,1.82935619354248,0.0
367,BANK-PIMA,PROCESS,ZLIB,8,1.000448942184448,0.0,1.000448942184448,1.000448942184448,1.000448942184448,1.000448942184448,1.000448942184448,0.0,1.000448942184448,1.000448942184448,0.0
368,BANK-PIMA,TRAIN,BZ2,8,1.318334341049194,0.0,1.318334341049194,1.318334341049194,1.318334341049194,1.318334341049194,1.318334341049194,0.0,1.318334341049194,1.318334341049194,0.0
369,BANK-PIMA,TRAIN,ENTROPY,16,2.061554431915283,0.0,2.061554431915283,2.061554431915283,2.061554431915283,2.061554431915283,2.061554431915283,0.0,2.061554431915283,2.061554431915283,0.0
370,BANK-PIMA,TRAIN,GZIP,9,2.002058029174804,0.0,2.002058029174804,2.002058029174804,2.002058029174804,2.002058029174804,2.002058029174804,0.0,2.002058029174804,2.002058029174804,0.0
371,BANK-PIMA,TRAIN,JP2,7,6.741667985916138,0.0,6.741667985916138,6.741667985916138,6.741667985916138,6.741667985916138,6.741667985916138,0.0,6.741667985916138,6.741667985916138,0.0
372,BANK-PIMA,TRAIN,PNG,20,9.389031410217285,0.0,9.389031410217285,9.389031410217285,9.389031410217285,9.389031410217285,9.389031410217285,0.0,9.389031410217285,9.389031410217285,0.0
373,BANK-PIMA,TRAIN,PPMD,9,1.500731706619262,0.0,1.500731706619262,1.500731706619262,1.500731706619262,1.500731706619262,1.500731706619262,0.0,1.500731706619262,1.500731706619262,0.0
374,BANK-PIMA,TRAIN,WEBP,19,11.144766807556152,0.0,11.144766807556152,11.144766807556152,11.144766807556152,11.144766807556152,11.144766807556152,0.0,11.144766807556152,11.144766807556152,0.0
375,BANK-PIMA,TRAIN,ZLIB,7,0.860073566436767,0.0,0.860073566436767,0.860073566436767,0.860073566436767,0.860073566436767,0.860073566436767,0.0,0.860073566436767,0.860073566436767,0.0
376,BANK-PIMA,MODEL,BZ2,5,0.912311077117919,0.0,0.912311077117919,0.912311077117919,0.912311077117919,0.912311077117919,0.912311077117919,0.0,0.912311077117919,0.912311077117919,0.0
377,BANK-PIMA,MODEL,ENTROPY,29,4.262969255447388,0.0,4.262969255447388,4.262969255447388,4.262969255447388,4.262969255447388,4.262969255447388,0.0,4.262969255447388,4.262969255447388,0.0
378,BANK-PIMA,MODEL,GZIP,3,0.8427772521972651,0.0,0.8427772521972651,0.8427772521972651,0.8427772521972651,0.8427772521972651,0.8427772521972651,0.0,0.8427772521972651,0.8427772521972651,0.0
379,BANK-PIMA,MODEL,JP2,14,8.513559579849243,0.0,8.513559579849243,8.513559579849243,8.513559579849243,8.513559579849243,8.513559579849243,0.0,8.513559579849243,8.513559579849243,0.0
380,BANK-PIMA,MODEL,PNG,15,6.094498157501221,0.0,6.094498157501221,6.094498157501221,6.094498157501221,6.094498157501221,6.094498157501221,0.0,6.094498157501221,6.094498157501221,0.0
381,BANK-PIMA,MODEL,PPMD,10,1.594645977020263,0.0,1.594645977020263,1.594645977020263,1.594645977020263,1.594645977020263,1.594645977020263,0.0,1.594645977020263,1.594645977020263,0.0
382,BANK-PIMA,MODEL,WEBP,14,6.8585429191589355,0.0,6.8585429191589355,6.8585429191589355,6.8585429191589355,6.8585429191589355,6.8585429191589355,0.0,6.8585429191589355,6.8585429191589355,0.0
383,BANK-PIMA,MODEL,ZLIB,10,1.257772207260131,0.0,1.257772207260131,1.257772207260131,1.257772207260131,1.257772207260131,1.257772207260131,0.0,1.257772207260131,1.257772207260131,0.0
